,Wortliste,,
1.,Aabeemick,,
2.,Aa-Esser,,
3.,Aa-Gesicht,,
4.,Aa-Kopf,,
5.,Aal,,
6.,Aalauge,,
7.,Aalficker,,
8.,Aalfresse,,
9.,Aa-Loch,,
10.,Aalwurstverkäufer,,
11.,Aas,,
12.,Aasfresser,,
13.,Aasgeier,,
14.,Aasknochen,,
15.,Aa-Wurst,,
16.,Abart,,
17.,Abc-Schüler,,
18.,Abc-Schütze,,
19.,Abdecker,,
20.,Abdeckstiftbenutzer,,
21.,Abderit,,
22.,Abendvogel,,
23.,Abenteurer,,
24.,Abfall,,
25.,"Abfall,",biochemischer,
26.,Abfallprodukt,,
27.,Abfalltonnenvollscheißer,,
28.,Abficker,,
29.,Abflussrohrgucker,,
30.,Abflussrohrsauger,,
31.,Abgaskakerlake,,
32.,Abgasproduzent,,
33.,Abgötter,,
34.,Abortdeckel,,
35.,ABS-Bremser,,
36.,Abschaum,,
37.,Abscheißer,,
38.,Abschiedswinker,,
39.,Abschmierer,,
40.,Abschreiber,,
41.,Abseiler,,
42.,Abseitserklärer,,
43.,Abspritzer,,
44.,Absturztorte,,
45.,Absturzvogel,,
46.,Abtörner,,
47.,Abtrittfeger,,
48.,Abtrünniger,,
49.,Abwasserschlürfer,,
50.,Abwichshure,,
51.,Abzocker,,
52.,Achselbaron,,
53.,Achselficker,,
54.,Achselgrind,,
55.,Achselhaarflechter,,
56.,Achselhaarföner,,
57.,Achselhaarratte,,
58.,Achselhaarspalter,,
59.,Achsellecker,,
60.,Achselschweißfontaine,,
61.,Achselträger,,
62.,Achterbahnindermittesitzer,,
63.,Achterbahnkotzer,,
64.,Achtgeber,,
65.,Achthaber,,
66.,Ackerarsch,,
67.,Ackerfresse,,
68.,Adamskind,,
69.,Adamssohn,,
70.,Adder,,
71.,Äffchen,,
72.,Affe,,
73.,"Affe,",haarloser,
74.,Affenarsch,,
75.,Affenarschficker,,
76.,Affenarschfurchenfetischist,,
77.,Affenarschgesicht,,
78.,Affenarschloch,,
79.,Affenbesamer,,
80.,Affenbumser,,
81.,Affeneichellecker,,
82.,Affenfehlfick,,
83.,Affenficker,,
84.,Affenfotze,,
85.,Affenfresse,,
86.,Affengesicht,,
87.,Affenhirn,,
88.,Affenhoden,,
89.,Affenjunge,,
90.,Affenkacke,,
91.,Affenkind,,
92.,Affenkönig,,
93.,Affenkopf,,
94.,Affenmensch,,
95.,Affenmutter,,
96.,Affennase,,
97.,Affensack,,
98.,Affenschänder,,
99.,Affenschwanz,,
100.,Affenschwanzlutscher,,
101.,Äffer,,
102.,Afterarzt,,
103.,Afterforscher,,
104.,Aftergelehrter,,
105.,Afterhöhlenforscher,,
106.,Afterkind,,
107.,Afterkritiker,,
108.,Afterlecker,,
109.,Afterlehrer,,
110.,Afterprophet,,
111.,Afterredner,,
112.,Afterwissenschaftler,,
113.,Aktendrescher,,
114.,Aktenfresser,,
115.,Aktenkrämer,,
116.,Aktenreiter,,
117.,Aktenwurm,,
118.,Alberling,,
119.,Alfanzer,,
120.,Alien,,
121.,Alki,,
122.,Allerweltsbetrüger,,
123.,Allerweltscourmacher,,
124.,Allerweltshure,,
125.,Allerweltsnarr,,
126.,Allerweltsraffel,,
127.,Allerweltsranke,,
128.,Allerweltsräuber,,
129.,Allerweltswisser,,
130.,Allesbesserwisser,,
131.,Alleswisser,,
132.,Allmannshure,,
133.,Alltagsdichter,,
134.,Alltagsgesicht,,
135.,Alltagslaffe,,
136.,Alltagsmensch,,
137.,Alltagsseele,,
138.,Alman,,
139.,Almosenfresser,,
140.,Alpha-Kevin,,
141.,Alptraum,,
142.,Alraune,,
143.,Altenheimnutte,,
144.,Altenheimschlampe,,
145.,Altflicker,,
146.,Altkluger,,
147.,Altweiberficker,,
148.,Alufolienglattstreicher,,
149.,Amateur,,
150.,Amateuse,,
151.,Amazone,,
152.,Ameisenbär,,
153.,Ameisenficker,,
154.,Ammenmacher,,
155.,Amöbe,,
156.,Ampelgelbbremser,,
157.,Amsel,,
158.,Analakrobat,,
159.,Analarbeiter,,
160.,Analatmer,,
161.,Analbaron,,
162.,Analbergsteiger,,
163.,Analbesamer,,
164.,Analbohrer,,
165.,Analerotiker,,
166.,Analfetischist,,
167.,Analficker,,
168.,Analfisch,,
169.,Analfissur,,
170.,Analfotze,,
171.,Analfürst,,
172.,Analgeburt,,
173.,Analgeneral,,
174.,Analgesicht,,
175.,Analglocke,,
176.,Analgurke,,
177.,Analhengst,,
178.,Analkopf,,
179.,Analkröte,,
180.,Analphabet,,
181.,Analpilot,,
182.,Analpirat,,
183.,Analrakete,,
184.,Analratte,,
185.,Analraupe,,
186.,Analreiniger,,
187.,Analreiter,,
188.,Analritter,,
189.,Analrosine,,
190.,Analruine,,
191.,Analrülpser,,
192.,Analtranse,,
193.,Analtrompete,,
194.,Analytiker,,
195.,Anarchist,,
196.,Anbeter,,
197.,Andächtler,,
198.,Anekdotenjäger,,
199.,Anekdotenkrämer,,
200.,Anfänger,,
201.,Anfechter,,
202.,Angaffer,,
203.,Angeber,,
204.,Angsthase,,
205.,Angstkind,,
206.,Angstmann,,
207.,Angstpisser,,
208.,Anhang,,
209.,Anhängsel,,
210.,Anhetzer,,
211.,Anisbrenner,,
212.,Anmacher,,
213.,Anpatzchef,,
214.,Anpinsler,,
215.,Anreizer,,
216.,Anstifter,,
217.,Anstörer,,
218.,Anstreicher,,
219.,Anthropophag,,
220.,Antichrist,,
221.,Antiheld,,
222.,Antimensch,,
223.,Anus,,
224.,Anuslecker,,
225.,Anzeige,,
226.,Anzettler,,
227.,"Apfel,",fauler,
228.,Apfeltasche,,
229.,Apostat,,
230.,Apostelträger,,
231.,Aprilnarr,,
232.,Arbeitsscheuer,,
233.,Arkanenkrämer,,
234.,Armleuchter,,
235.,Arsch,,
236.,Arschbacke,,
237.,Arschbackenjäger,,
238.,Arschbär,,
239.,Arschbohrer,,
240.,Arschbolzen,,
241.,Arschbombe,,
242.,Arschbratze,,
243.,Arschbumser,,
244.,Arschfalte,,
245.,Arschficker,,
246.,Arschfickerlehrling,,
247.,Arschflöte,,
248.,Arschfotze,,
249.,Arschfresse,,
250.,Arschgeburt,,
251.,Arschgeier,,
252.,Arschgeige,,
253.,Arschgeiger,,
254.,Arschgesicht,,
255.,Arschgranate,,
256.,Arschgucker,,
257.,Arschgurke,,
258.,Arschhaar,,
259.,Arschi,,
260.,Arschkacker,,
261.,Arschkante,,
262.,Arschkeks,,
263.,Arschkind,,
264.,Arschkipf,,
265.,Arschkopf,,
266.,Arschkrämer,,
267.,Arschkrampe,,
268.,Arschkrapfen,,
269.,Arschkrebs,,
270.,Arschkriecher,,
271.,Arschkröte,,
272.,Arschkrümel,,
273.,Arschkuh,,
274.,Arschlappen,,
275.,Arschlecker,,
276.,Arschloch,,
277.,Arschlocher,,
278.,Arschlochficker,,
279.,Arschlochkind,,
280.,Arschlochlecker,,
281.,Arschlutscher,,
282.,Arschmade,,
283.,Arschmonarch,,
284.,Arschnase,,
285.,Arschnutte,,
286.,Arschpauker,,
287.,Arschpenner,,
288.,Arschpfeife,,
289.,Arschpickel,,
290.,Arschpilzsammler,,
291.,Arschpirat,,
292.,Arschpisser,,
293.,Arschpopo,,
294.,Arschpopper,,
295.,Arschrakete,,
296.,Arschrammler,,
297.,Arschratte,,
298.,Arschsack,,
299.,Arschsau,,
300.,Arschscheißer,,
301.,Arschtrampe,,
302.,Arschvieh,,
303.,Arschvogel,,
304.,Arschvotze,,
305.,Arschwarmer,,
306.,Arschwassertrinker,,
307.,Arschwichser,,
308.,Arschwurst,,
309.,Aschenbrödel,,
310.,Asi,,
311.,Aslak,,
312.,Asmodi,,
313.,Asozialer,,
314.,Assel,,
315.,Assi,,
316.,Astloch,,
317.,Astlochbumser,,
318.,Astlochficker,,
319.,Astlochvergewaltiger,,
320.,Atomschlumpf,,
321.,Attrappe,,
322.,Aufhetzer,,
323.,Auflaurer,,
324.,Aufmerker,,
325.,Aufpasser,,
326.,Aufreißer,,
327.,Aufrührer,,
328.,Aufruhrprediger,,
329.,Aufschneider,,
330.,Aufschößling,,
331.,Aufwiegler,,
332.,Augendiener,,
333.,Ausbeuter,,
334.,Ausbund,,
335.,Ausforscher,,
336.,Ausfrager,,
337.,Ausgeburt,,
338.,Ausgeburt,der,Hölle
339.,Ausgrübler,,
340.,Aushilfsamöbe,,
341.,Auskehricht,,
342.,Ausklauber,,
343.,Auskundschafter,,
344.,Ausplätscher,,
345.,Ausplauderer,,
346.,Auspuffbefruchter,,
347.,Ausreißer,,
348.,Aussätziger,,
349.,Aussauger,,
350.,Ausschmierer,,
351.,Ausschreiber,,
352.,Ausschuss,,
353.,Ausschwätzer,,
354.,Außenseiter,,
355.,Außerirdischer,,
356.,Ausspäher,,
357.,Ausspürer,,
358.,Auswuchs,,
359.,Auswurf,,
360.,Auswürfling,,
361.,Autoficker,,
362.,Automat,,
363.,Automatikfahrer,,
364.,Azzlack,,
365.,Babbelhans,,
366.,Babbler,,
367.,Baby,,
368.,Babybefruchter,,
369.,Babyface,,
370.,Babyficker,,
371.,Bachant,,
372.,Bachstelze,,
373.,Bachus,,
374.,Bachusbruder,,
375.,Bachusknecht,,
376.,Backblech,,
377.,Backfisch,,
378.,Backofenvorheizer,,
379.,Backpfeifengesicht,,
380.,Badeknecht,,
381.,Badstübler,,
382.,Bäffer,,
383.,BAföG-Schmarotzer,,
384.,Bagage,,
385.,Bagalut,,
386.,Bagatellenkrämer,,
387.,Bajazzo,,
388.,Bakterie,,
389.,Bakterienschleuder,,
390.,Baldober,,
391.,Balg,,
392.,Ballast,,
393.,Bambusbieger,,
394.,Bambusratte,,
395.,Bananenbieger,,
396.,Bananenlutscher,,
397.,Banause,,
398.,Bandit,,
399.,Bankbein,,
400.,Bänkelsänger,,
401.,Bankerottirer,,
402.,Bankert,,
403.,Bankrutscher,,
404.,Bär,,
405.,Baraber,,
406.,Barbar,,
407.,Barbe,,
408.,Bärbeißer,,
409.,Bärenführer,,
410.,Bärenhäuter,,
411.,Bärenjäger,,
412.,Barfüßler,,
413.,Barsch,,
414.,Bartabnehmer,,
415.,Barthans,,
416.,Bartkerl,,
417.,Bartkratzer,,
418.,Bartloser,,
419.,Bartputzer,,
420.,Bartschaber,,
421.,Bartscheerer,,
422.,Bartschinder,,
423.,Barüschnik,,
424.,Basilisk,,
425.,Bastard,,
426.,Batzen,,
427.,Batzenschmelzer,,
428.,Bauchdiener,,
429.,Bauchpfaffe,,
430.,Bauer,,
431.,Bauernbengel,,
432.,Bauernbursch,,
433.,Bauerndirne,,
434.,Bauernfänger,,
435.,Bauernfiedler,,
436.,Bauernflegel,,
437.,Bauernfünfer,,
438.,Bauerngesindel,,
439.,Bauernhure,,
440.,Bauernjunge,,
441.,Bauernkerl,,
442.,Bauernkind,,
443.,Bauernknoll,,
444.,Bauernlümmel,,
445.,Bauernmädchen,,
446.,Bauernmensch,,
447.,Bauernpack,,
448.,Bauernplaker,,
449.,Bauernsohn,,
450.,Baumficker,,
451.,Baumschüler,,
452.,Bazi,,
453.,Bazille,,
454.,Bazillenschleuder,,
455.,Beckenrandschwimmer,,
456.,Bedenkenträger,,
457.,Beidl,,
458.,Beischlafbettler,,
459.,Bengel,,
460.,Benzinpreisvergleicher,,
461.,Bergaufbremser,,
462.,Berserker,,
463.,Berufslesbe,,
464.,Berufsopfer,,
465.,Berufsschwuchtel,,
466.,Berufsschwuler,,
467.,Bescheißer,,
468.,Beschwerde,,
469.,Besen,,
470.,Besserwessi,,
471.,Besserwisser,,
472.,Bestie,,
473.,Betonkopf,,
474.,Betriebsunfall,,
475.,Betrüger,,
476.,Bettler,,
477.,Beutelschneider,,
478.,Biedermann,,
479.,Bierbruder,,
480.,Bierdimpfel,,
481.,Bierschlampe,,
482.,Biest,,
483.,Bildungsnutte,,
484.,Bison,,
485.,Bitch,,
486.,Bitchfresse,,
487.,Blender,,
488.,Blindgänger,,
489.,Blockflötengesicht,,
490.,Blockwart,,
491.,Blödel,,
492.,Blödian,,
493.,Blödkopf,,
494.,Blödmann,,
495.,Blödmannsgehilfe,,
496.,Blödvogel,,
497.,Blondchen,,
498.,Blutegel,,
499.,Bluthund,,
500.,Blutsauger,,
501.,Blutwurst,,
502.,Bock,,
503.,Bockwurstwasserduscher,,
504.,Bockwurstwassersäufer,,
505.,Bohnenstange,,
506.,Bolzen,,
507.,Bonze,,
508.,Bordsteinschwalbe,,
509.,Böser,,
510.,Bösewicht,,
511.,Boxenluder,,
512.,Brandstifter,,
513.,Bratze,,
514.,Brechmittel,,
515.,Bremse,,
516.,Brillenschlange,,
517.,Brontosaurier,,
518.,Bruchpilot,,
519.,"Bruder,",warmer,
520.,Brüllaffe,,
521.,Brüller,,
522.,Brummbär,,
523.,Brummer,,
524.,Brunnenvergifter,,
525.,Bubenhure,,
526.,Bubi,,
527.,Bücherwurm,,
528.,Bückling,,
529.,Büffel,,
530.,Buhmann,,
531.,Bulle,,
532.,Bumskarnickel,,
533.,Bumskopf,,
534.,Bumskuh,,
535.,Bürokrat,,
536.,Buschnutte,,
537.,Busengrabscher,,
538.,Bussard,,
539.,Büttel,,
540.,Cabriogeschlossenfahrer,,
541.,Camper,,
542.,Canaille,,
543.,Casanova,,
544.,Chamäleon,,
545.,Chameur,,
546.,Chaot,,
547.,Charakterattrappe,,
548.,Charakterschwein,,
549.,Cheater,,
550.,Checklistenbearbeiter,,
551.,Chefgrüßer,,
552.,Chefzäpfchen,,
553.,Chilliverweigerer,,
554.,Choleriker,,
555.,Chromosomenfasching,,
556.,Chromosomengepansche,,
557.,Citypupser,,
558.,Clearasilversuchsgelände,,
559.,Clerasiltestgelände,,
560.,Cloake,,
561.,Clochar,,
562.,Clochard,,
563.,Clown,,
564.,Clownficker,,
565.,Cornflakesfresser,,
566.,Crackbitch,,
567.,Crackhure,,
568.,Cracknutte,,
569.,Crackschlampe,,
570.,Currywurst,,
571.,Cyberschlampe,,
572.,Dachplatte,,
573.,Dackel,,
574.,Dackelficker,,
575.,Dackeltrainer,,
576.,Dackelzüchter,,
577.,Dämelsack,,
578.,Damenradfahrer,,
579.,Dämlack,,
580.,Dampfnudel,,
581.,Dampfplauderer,,
582.,Danebenpinkler,,
583.,Danebenpisser,,
584.,Dankesager,,
585.,Dapp,,
586.,Darmamöbe,,
587.,Darmdübel,,
588.,Darmquastenzorro,,
589.,Darmwandgucker,,
590.,DAU,,
591.,Dauercamper,,
592.,Dauerflenner,,
593.,Dauerlutscher,,
594.,Dauerwellenträger,,
595.,Dauerwichser,,
596.,Daumenlutscher,,
597.,Deckschrubber,,
598.,Delfinficker,,
599.,Demagoge,,
600.,Depp,,
601.,Depp,vom,Dienst
602.,Deppala,,
603.,Deppkopf,,
604.,Desperado,,
605.,Dickarsch,,
606.,Dickbauch,,
607.,Dickdarmakrobat,,
608.,Dickkopf,,
609.,Dicknase,,
610.,Dickschädel,,
611.,Dickschwein,,
612.,Dieb,,
613.,Diebsgesindel,,
614.,Dieselhandschuhtanker,,
615.,Dieselhandschuhträger,,
616.,Dildoficker,,
617.,Dildokopf,,
618.,Dildolutscher,,
619.,Dillo,,
620.,Ding,,
621.,Dinosaurier,,
622.,Diplomverkehrsinselbepflanzer,,
623.,Diplomwichser,,
624.,Dirne,,
625.,Disconutte,,
626.,Discowichser,,
627.,Diskettenformatierer,,
628.,Dissopfer,,
629.,Döbel,,
630.,Dödel,,
631.,Dödelarsch,,
632.,Dödelkopf,,
633.,Dodl,,
634.,Doldie,,
635.,Dollbohrer,,
636.,Dolm,,
637.,Donnerfotze,,
638.,Doofbommel,,
639.,Doofdödel,,
640.,Doofer,,
641.,Doofi,,
642.,Doofian,,
643.,Doofkopf,,
644.,Doofmann,,
645.,Doofmannsgehilfe,,
646.,Doofnudel,,
647.,Doppeldepp,,
648.,Dorfdepp,,
649.,Dorffahrrad,,
650.,Dorfkuh,,
651.,Dorfmatratze,,
652.,Dorfmoped,,
653.,Dorfnutte,,
654.,Dorfschlampe,,
655.,Dorftrottel,,
656.,Dorsch,,
657.,Dorschgesicht,,
658.,Döskopf,,
659.,Döspaddel,,
660.,Drache,,
661.,Dreckhure,,
662.,Dreckloch,,
663.,Dreckluder,,
664.,Drecksack,,
665.,Drecksau,,
666.,Drecksbulle,,
667.,Dreckschleuder,,
668.,Dreckschwein,,
669.,Drecksfotze,,
670.,Drecksgesicht,,
671.,Drecksgöre,,
672.,Dreckskerl,,
673.,Drecksmuschi,,
674.,Drecksnutte,,
675.,Dreckspuscher,,
676.,Drecksschwein,,
677.,Dreckstück,,
678.,Drehstuhlbesamer,,
679.,Dreikäsehoch,,
680.,Dreilochhure,,
681.,Dreilochnutte,,
682.,Dreilochschlampe,,
683.,Dreilochstute,,
684.,Drohne,,
685.,Drückeberger,,
686.,Druckspüler,,
687.,Dschungelkind,,
688.,Düffeldoffel,,
689.,Dummbartel,,
690.,Dummbeutel,,
691.,Dummbrot,,
692.,Dummdepp,,
693.,Dummei,,
694.,Dummerchen,,
695.,Dummerjan,,
696.,Dummerl,,
697.,Dummfotze,,
698.,Dummhirn,,
699.,Dummi,,
700.,Dummkopf,,
701.,Dummsau,,
702.,Dummschulschwänzer,,
703.,Dummschwätzer,,
704.,Dummy,,
705.,Dumpfbacke,,
706.,Dunkelmann,,
707.,Dünnbrettbohrer,,
708.,Dunsel,,
709.,Durchfallgurgler,,
710.,Durchfalltrinker,,
711.,Dussel,,
712.,Dust,,
713.,Edelhure,,
714.,Egoist,,
715.,Egozentriker,,
716.,Ehrabschneider,,
717.,Eichelkäselutscher,,
718.,Eichelkönig,,
719.,Eichhörnchen,,
720.,Eierdieb,,
721.,Eierfeile,,
722.,Eierhals,,
723.,Eierkopf,,
724.,Eiernacken,,
725.,Eimer,,
726.,Einfaltspinsel,,
727.,Einsteinverschnitt,,
728.,Einungdreiziger,,
729.,Eiterbeule,,
730.,Ekelmann,,
731.,Ekelschwein,,
732.,Elefantenficker,,
733.,Elektrogriller,,
734.,Elster,,
735.,Emanze,,
736.,Emporkömmling,,
737.,Entenklemmer,,
738.,Erbsenzähler,,
739.,Erzgauner,,
740.,Erzhure,,
741.,Esel,,
742.,Eselarschficker,,
743.,Eselficker,,
744.,Eselpopper,,
745.,Eselskind,,
746.,Eselvergewaltiger,,
747.,Eule,,
748.,Eulenficker,,
749.,Eulenkind,,
750.,Eumel,,
751.,Eumelkind,,
752.,Eunuch,,
753.,Euterlutscher,,
754.,Evolutionsbremse,,
755.,Evolutionsbremser,,
756.,Exhibitionist,,
757.,Exkrementenfresser,,
758.,Fachidiot,,
759.,Falschmünzer,,
760.,Fatzke,,
761.,Faulenzer,,
762.,Faulpelz,,
763.,Faultier,,
764.,Feigling,,
765.,Feldhure,,
766.,Ferkel,,
767.,Ferkelficker,,
768.,Ferkelwemser,,
769.,Festnetztelefonierer,,
770.,Fettarsch,,
771.,Fettsack,,
772.,Fettsau,,
773.,Fettwanst,,
774.,Fickbumser,,
775.,Fickel,,
776.,Ficker,,
777.,Fickfehler,,
778.,Ficknudel,,
779.,Ficksau,,
780.,Fickschwein,,
781.,Fickspecht,,
782.,Fickstück,,
783.,Fiesling,,
784.,Figurant,,
785.,Filzlaus,,
786.,Fisch,,
787.,Fischbirne,,
788.,Fischfotze,,
789.,Fischkopf,,
790.,Fixer,,
791.,Flachpfeife,,
792.,Flachwichser,,
793.,Flasche,,
794.,Flaschenkopf,,
795.,Flegel,,
796.,Fliegenschiss,,
797.,Flittchen,,
798.,Flohficker,,
799.,Folterknecht,,
800.,Fotze,,
801.,Fotzenbär,,
802.,Fotzengesicht,,
803.,Fotzengulasch,,
804.,Fotzenhure,,
805.,Fotzenkind,,
806.,Fotzenknecht,,
807.,Fotzenkopf,,
808.,Fotzenlecker,,
809.,Fotzenpirat,,
810.,Fotzensau,,
811.,Frauenversteher,,
812.,Freak,,
813.,Frechdachs,,
814.,Fregatte,,
815.,Freier,,
816.,Fresser,,
817.,Fresssack,,
818.,Freudenmädchen,,
819.,Frevler,,
820.,Frischling,,
821.,Frosch,,
822.,Froschficker,,
823.,Frostbeule,,
824.,Früchtchen,,
825.,Fruchtzwerg,,
826.,Frühspritzer,,
827.,Fuddler,,
828.,Fudiloch,,
829.,Fulder,,
830.,Fünferschüler,,
831.,Furie,,
832.,Fürst,der,Finsternis
833.,Furzkissen,,
834.,Furzknoten,,
835.,Fußabtreter,,
836.,Fusselhirn,,
837.,Fußfetischist,,
838.,Futzikacki,,
839.,Fuzzi,,
840.,Gabelreiter,,
841.,Gaffer,,
842.,Galgenhure,,
843.,Galgenvogel,,
844.,Gammelfresse,,
845.,Gammler,,
846.,Gangster,,
847.,Ganove,,
848.,Gans,,
849.,Garagenparker,,
850.,Gartenzwerg,,
851.,Gaskopf,,
852.,Gaukler,,
853.,Gauklershure,,
854.,Gaul,,
855.,Gauner,,
856.,Gebärmutterabfall,,
857.,Geek,,
858.,Gehirnloser,,
859.,Geiferer,,
860.,Geilspecht,,
861.,Geißel,der,Menschheit
862.,Geisterfahrer,,
863.,Geisteskrüppel,,
864.,Geizhals,,
865.,Geizkragen,,
866.,Gemüseputzer,,
867.,Generalhure,,
868.,Gerät,,
869.,Gernegroß,,
870.,Geschäftsführer,,
871.,Geschäftsführung,,
872.,Geschmeiß,,
873.,Gesetzesbrecher,,
874.,Gesichtsarsch,,
875.,Gesichtsbaracke,,
876.,Gesichtselfmeter,,
877.,Gesichtsgulasch,,
878.,Gesichtsruine,,
879.,Gesichtsunfall,,
880.,Gesindel,,
881.,Gestörter,,
882.,Gewitterhexe,,
883.,Gewitterziege,,
884.,Gezücht,,
885.,Ghettoschlampe,,
886.,Gierhals,,
887.,Gierschlund,,
888.,Giftmischer,,
889.,Giftzwerg,,
890.,Gimpel,,
891.,Gipskopf,,
892.,Gipsnacken,,
893.,Giraffe,,
894.,Glaskugel,,
895.,Glatzkopf,,
896.,Gloifi,,
897.,Glücksmensch,,
898.,Glücksritter,,
899.,Göre,,
900.,Gorilla,,
901.,Gossenpenner,,
902.,Grabräuber,,
903.,Grabschänder,,
904.,Grantler,,
905.,Grasaffe,,
906.,Grasdackel,,
907.,Grattler,,
908.,Graupe,,
909.,Greenhorn,,
910.,Griesgram,,
911.,Grobmotoriker,,
912.,Großkotz,,
913.,Großmaul,,
914.,Grottenolm,,
915.,Grufti,,
916.,Gruftie,,
917.,Grünschnabel,,
918.,Grunzochse,,
919.,Grunzschwein,,
920.,Grüßaugust,,
921.,Gulaschfresse,,
922.,Gummihund,,
923.,Gummipuppe,,
924.,Günstling,,
925.,Gurke,,
926.,Gurkenhals,,
927.,Gutmensch,,
928.,Haarspalter,,
929.,Habenichts,,
930.,Hackfresse,,
931.,Haderlump,,
932.,Hafennutte,,
933.,Hafenschlampe,,
934.,Hahn,,
935.,Halbaffe,,
936.,Halbdackel,,
937.,Hallodri,,
938.,Halsabschneider,,
939.,Haltbarkeitsdatumbeachter,,
940.,Halunke,,
941.,Hammel,,
942.,Hammerwerfer,,
943.,Hampelmann,,
944.,Hamster,,
945.,Hänfling,,
946.,Hängebauchschwein,,
947.,Hannebambel,,
948.,Hansdampf,,
949.,Hanswurst,,
950.,Harfenspieler,,
951.,Hartgeldnutte,,
952.,Hartgeldstricher,,
953.,Hartzer,,
954.,Hartz-IV-Schmarotzer,,
955.,Hasenfuß,,
956.,Haubentaucher,,
957.,Haufen,,
958.,Hawak,,
959.,Heckenbankert,,
960.,Heckenpenner,,
961.,Hehler,,
962.,Heimscheißer,,
963.,Heiratsschwindler,,
964.,Hektiker,,
965.,Henkershure,,
966.,Herumtreiber,,
967.,Herzensbrecher,,
968.,Hesslon,,
969.,Heuchler,,
970.,Heulboje,,
971.,Heulsuse,,
972.,Heuschrecke,,
973.,Hexe,,
974.,Hinterlader,,
975.,Hinterwäldler,,
976.,Hippie,,
977.,Hirnamputierter,,
978.,Hirnederl,,
979.,Hirni,,
980.,Hirsch,,
981.,Hirsel,,
982.,Hobbygangster,,
983.,Hochstapler,,
984.,Hodenfürst,,
985.,Hodengesicht,,
986.,Hodengnom,,
987.,Hodenkobold,,
988.,Hodensack,,
989.,Hodenschmuser,,
990.,Hofnarr,,
991.,Hohlflöte,,
992.,Hohlkörper,,
993.,Hoink,,
994.,Höllenhund,,
995.,Höllenhure,,
996.,Holzkopf,,
997.,Homo,erectus,
998.,Homobär,,
999.,Homopimmelpirat,,
1000.,Homoschlampe,,
1001.,Homoschwein,,
1002.,Honk,,
1003.,Hool,,
1004.,Hormonarschloch,,
1005.,Hornochse,,
1006.,Hortkind,,
1007.,Hosenjodler,,
1008.,Hosenpinkler,,
1009.,Hosenpisser,,
1010.,Hosenscheißer,,
1011.,Hühner-KZ-Aufseher,,
1012.,Hund,,
1013.,Hundebumser,,
1014.,Hundehasser,,
1015.,Hundejunge,,
1016.,Hundelecker,,
1017.,Hundertfünfundsiebziger,,
1018.,Hundeschnauze,,
1019.,Hundesohn,,
1020.,Hundsfott,,
1021.,Hundskrüppel,,
1022.,Hungerhaken,,
1023.,Hupe,,
1024.,Hupfdohle,,
1025.,Hure,,
1026.,Hurenbastard,,
1027.,Hurenbock,,
1028.,Hurenficker,,
1029.,Hurengeburt,,
1030.,Hurenjäger,,
1031.,Hurenjunge,,
1032.,Hurenkind,,
1033.,Hurenschlampe,,
1034.,Hurensohn,,
1035.,Hurentochter,,
1036.,Huso,,
1037.,Hutsimpel,,
1038.,Idi,,
1039.,Idiot,,
1040.,Idiotenarsch,,
1041.,Idiotenfresse,,
1042.,Idiotengehilfe,,
1043.,Idiotenhäuptling,,
1044.,Idiotenkind,,
1045.,Ignorant,,
1046.,Ikonoklast,,
1047.,Imbissbudenkoch,,
1048.,Impotenter,,
1049.,Impotentling,,
1050.,Innentaschenbügler,,
1051.,Inselkind,,
1052.,Insgeheimrülpser,,
1053.,Intelligenzallergiker,,
1054.,Intelligenzbolzen,,
1055.,Internetausdrucker,,
1056.,Intrigant,,
1057.,Invasor,,
1058.,Inventar,,
1059.,Inzestgeburt,,
1060.,Inzuchtdepp,,
1061.,Inzüchtler,,
1062.,Inzuchtmeister,,
1063.,IQ-Loser,,
1064.,Irrer,,
1065.,Ische,,
1066.,Jammerer,,
1067.,Jammergestalt,,
1068.,Jammerlappen,,
1069.,Jammerossi,,
1070.,Jammersack,,
1071.,Jammerspacken,,
1072.,Jammersuse,,
1073.,Jasager,,
1074.,Jauchegrubentaucher,,
1075.,Jauchemaul,,
1076.,Jaucher,,
1077.,Jaucheschwimmer,,
1078.,Jauchetrinker,,
1079.,Jeansbügler,,
1080.,Jodelidiot,,
1081.,Jodelschnepfe,,
1082.,Jodsalzer,,
1083.,Joghurtbecherspüler,,
1084.,Jungenficker,,
1085.,"Jungfer,",alte,
1086.,Jungspund,,
1087.,Junkie,,
1088.,Kachel,,
1089.,Kackawurst,,
1090.,Kackbraten,,
1091.,Kackbratze,,
1092.,Kackbratzen,,
1093.,Kackdübel,,
1094.,Kacker,,
1095.,Kackfresse,,
1096.,Kackgesicht,,
1097.,Kackhaufen,,
1098.,Kacklatte,,
1099.,Kackratte,,
1100.,Kackvogel,,
1101.,Kahba,,
1102.,Kamel,,
1103.,Kameradenschwein,,
1104.,Kampflesbe,,
1105.,Kampfzwerg,,
1106.,Kanalratte,,
1107.,Kanalrattenficker,,
1108.,Kanalrattenschwanzlutscher,,
1109.,Kannibale,,
1110.,Kanonenfutter,,
1111.,Kaputter,,
1112.,Kartoffel,,
1113.,Kartoffelficker,,
1114.,Kartoffelkopf,,
1115.,Karussellbremser,,
1116.,Käsegesicht,,
1117.,Käsejogi,,
1118.,Käsekopf,,
1119.,Käsevotze,,
1120.,Kasper,,
1121.,Kasperle,,
1122.,Kassenpatient,,
1123.,Kastenteufel,,
1124.,Katzenkopf,,
1125.,Katzlmacher,,
1126.,Kek,,
1127.,Kellerkind,,
1128.,Kerl,,
1129.,Keule,,
1130.,Kichererbse,,
1131.,Kiffer,,
1132.,Killer,,
1133.,Kinderbeckenstruller,,
1134.,Kinderficker,,
1135.,Kinderleichenficker,,
1136.,Kinderschänder,,
1137.,Kinderschreck,,
1138.,Kindervergewaltiger,,
1139.,Kindskopf,,
1140.,Kirchenmaus,,
1141.,Klabautermann,,
1142.,Klappspaten,,
1143.,Klassenkasper,,
1144.,Klebstoffschnüffler,,
1145.,Kleinhirn,,
1146.,Klippenscheißer,,
1147.,Klofrau,,
1148.,Klotaucher,,
1149.,Klöte,,
1150.,Klötenponny,,
1151.,Klugscheißer,,
1152.,Knabenficker,,
1153.,Knacki,,
1154.,Knallbirne,,
1155.,Knallbohne,,
1156.,Knallcharge,,
1157.,Knallerbse,,
1158.,Knallkopf,,
1159.,Knalltüte,,
1160.,Knastbruder,,
1161.,Knecht,,
1162.,Knilch,,
1163.,Knirps,,
1164.,Knottler,,
1165.,Koffer,,
1166.,Kohlkopf,,
1167.,Kojote,,
1168.,Kollaborateur,,
1169.,Komiker,,
1170.,Kondomlutscher,,
1171.,Kondomplatzkind,,
1172.,Koochem,,
1173.,Korinthenkacker,,
1174.,Körnerfresser,,
1175.,Kötel,,
1176.,Kotfotze,,
1177.,Kotkopf,,
1178.,Kotschlecker,,
1179.,Kotstecher,,
1180.,Kotzbrocken,,
1181.,Kotzefresser,,
1182.,Kotzer,,
1183.,Kotzfotze,,
1184.,Krämerseele,,
1185.,Krampfhenne,,
1186.,Krattler,,
1187.,Kräutergärtner,,
1188.,Kreatur,,
1189.,Kretin,,
1190.,Kriegsverbrecher,,
1191.,Krisperl,,
1192.,Krokodilficker,,
1193.,Kröte,,
1194.,Krüppel,,
1195.,Kuh,,
1196.,Kulturbanause,,
1197.,Kürbis,,
1198.,Kurpfuscher,,
1199.,Kuttenbrunzer,,
1200.,Laberbacke,,
1201.,Laborunfall,,
1202.,Lachnummer,,
1203.,Lachsack,,
1204.,Lachsnacken,,
1205.,Lackaffe,,
1206.,Lackel,,
1207.,Lackschuhpanter,,
1208.,Ladendieb,,
1209.,Laffe,,
1210.,Lahmarsch,,
1211.,Lakai,,
1212.,Lakeiengrüßer,,
1213.,Lakritzschneckenabroller,,
1214.,Lallkopf,,
1215.,Lamettabügler,,
1216.,Lammfellsohlengeher,,
1217.,Lampensau,,
1218.,Landei,,
1219.,Landfahrer,,
1220.,Landhure,,
1221.,Landlümmel,,
1222.,Landplage,,
1223.,Landpomeranze,,
1224.,Landsknecht,,
1225.,Landstreicher,,
1226.,Landungsklatscher,,
1227.,Langfinger,,
1228.,Langsamesser,,
1229.,Langschwanzpavian,,
1230.,Langweiler,,
1231.,Lappen,,
1232.,Laternenficker,,
1233.,Laternenparker,,
1234.,Laternenschlampe,,
1235.,Latexallergievortäuscher,,
1236.,Lattendieb,,
1237.,Lauch,,
1238.,Lauchkopf,,
1239.,Lausbub,,
1240.,Lausejunge,,
1241.,Lauser,,
1242.,Lavendelpflücker,,
1243.,Lazeroner,,
1244.,"Leberwurst,",beleidigte,
1245.,Leibeigener,,
1246.,Leichenficker,,
1247.,Leichenfledderer,,
1248.,Leichenschänder,,
1249.,Löffel,,
1250.,Lohnbetrüger,,
1251.,Lollilutscher,,
1252.,Loser,,
1253.,Lötkolben,,
1254.,Lous,,
1255.,Luder,,
1256.,Luftikus,,
1257.,Luftpumpe,,
1258.,Lügenbold,,
1259.,Lügensau,,
1260.,Lügenschwein,,
1261.,Lügner,,
1262.,Lululutscher,,
1263.,Lümmel,,
1264.,Lümmeltüte,,
1265.,Lümmeltütenlutscher,,
1266.,Lump,,
1267.,Lumpengesindel,,
1268.,Lumpenhund,,
1269.,Lumpenpack,,
1270.,Lumpensack,,
1271.,Lumpensammler,,
1272.,Lurch,,
1273.,Lurchfresse,,
1274.,Lurchi,,
1275.,Lurchkopf,,
1276.,Lusche,,
1277.,Luschenkopf,,
1278.,Luschi,,
1279.,Lustgreis,,
1280.,Lustknabe,,
1281.,Lustmolch,,
1282.,Lustmörder,,
1283.,Lutscher,,
1284.,Macho,,
1285.,Macker,,
1286.,Mädchenzeuger,,
1287.,Mamaficker,,
1288.,Mamasöhnchen,,
1289.,Mannschaftsmatratze,,
1290.,Marktschreier,,
1291.,Massenmörder,,
1292.,Massenwichser,,
1293.,Mastdarmakrobat,,
1294.,Mastdarmgeburt,,
1295.,Mastdarmtourist,,
1296.,Mastsau,,
1297.,Matratze,,
1298.,Mätresse,,
1299.,Matschbirne,,
1300.,Mauerblümchen,,
1301.,Maulaffe,,
1302.,Maulficker,,
1303.,Maulheld,,
1304.,Maulhure,,
1305.,Maulscheißer,,
1306.,Maultier,,
1307.,Mautpreller,,
1308.,Meckerliese,,
1309.,Meldemuschi,,
1310.,Memme,,
1311.,Menschenaffe,,
1312.,Menschenhändler,,
1313.,Menschenschinder,,
1314.,Mephisto,,
1315.,Metze,,
1316.,Meuchelmörder,,
1317.,Mickey-Maus-Detektiv,,
1318.,Miesepeter,,
1319.,Miesmuschel,,
1320.,Mietnomade,,
1321.,Milchbubi,,
1322.,Milchmädchen,,
1323.,Mimose,,
1324.,Missgeburt,,
1325.,Mist,,
1326.,Mistfliege,,
1327.,Mistgurke,,
1328.,Mistkäfer,,
1329.,Mistkerl,,
1330.,Mistmade,,
1331.,Mistschlampe,,
1332.,Mistschwein,,
1333.,Miststück,,
1334.,Mistvieh,,
1335.,Mitgiftjäger,,
1336.,Möchtegern,,
1337.,Möchtegernmacho,,
1338.,Möchtegernpunk,,
1339.,Mokkastecher,,
1340.,Mondkalb,,
1341.,Monster,,
1342.,Moorhuhn,,
1343.,Mops,,
1344.,Moralapostel,,
1345.,Mostschädel,,
1346.,Motivsockenträger,,
1347.,Muffel,,
1348.,Müllfresser,,
1349.,Müllkind,,
1350.,Müllmann,,
1351.,Mülltonnenschlucker,,
1352.,Murkser,,
1353.,Muscheltaucher,,
1354.,Muschificker,,
1355.,Muschipilz,,
1356.,Muschischeißer,,
1357.,Muschkote,,
1358.,Muttersöhnchen,,
1359.,Muttiküsser,,
1360.,Naivling,,
1361.,Napfsülze,,
1362.,Narr,,
1363.,Nase,,
1364.,Naseweis,,
1365.,Nassauer,,
1366.,Natter,,
1367.,Natursektschlürfer,,
1368.,Neandertaler,,
1369.,Neidhammel,,
1370.,Neinsager,,
1371.,Nekromant,,
1372.,Nerd,,
1373.,Nervensäge,,
1374.,Nestbeschmutzer,,
1375.,Netzhautpeitsche,,
1376.,Neureicher,,
1377.,Newbie,,
1378.,Nichts,,
1379.,Nichtskönner,,
1380.,Nichtsnutz,,
1381.,Nichtstuer,,
1382.,Niemand,,
1383.,Niete,,
1384.,Noob,,
1385.,Nougatschnitte,,
1386.,Null,,
1387.,Nulpe,,
1388.,Nuss,,
1389.,Nutte,,
1390.,Nuttenarsch,,
1391.,Nuttenbefruchter,,
1392.,Nuttenbengel,,
1393.,Nuttenbumser,,
1394.,Nuttenficker,,
1395.,Nuttenfresse,,
1396.,Nuttenjäger,,
1397.,Nuttenkind,,
1398.,Nuttenpreller,,
1399.,Nuttensau,,
1400.,Nutterich,,
1401.,Oberaffe,,
1402.,Oberpfeife,,
1403.,Ochse,,
1404.,Ochsenkind,,
1405.,Oimel,,
1406.,Olbel,,
1407.,Ölgötze,,
1408.,Olwel,,
1409.,Omaficker,,
1410.,Onanist,,
1411.,Opaficker,,
1412.,Opfer,,
1413.,Opferkind,,
1414.,Opportunist,,
1415.,Orang-Utan,,
1416.,Orgasmusbremse,,
1417.,Original,,
1418.,Outlaw,,
1419.,Päderast,,
1420.,Palmesel,,
1421.,Pandabär,,
1422.,Panscher,,
1423.,Pansenkind,,
1424.,Pantoffelheld,,
1425.,Papagei,,
1426.,Papierficker,,
1427.,Papiertiger,,
1428.,Papist,,
1429.,Pappenheimer,,
1430.,Pappnase,,
1431.,Paragraphenreiter,,
1432.,Parasit,,
1433.,Parfümierer,,
1434.,Parfümschlampe,,
1435.,Parkplatzschwein,,
1436.,Parkscheibenweiterdreher,,
1437.,Partybumser,,
1438.,Partyficker,,
1439.,Partykotzunke,,
1440.,Partyluder,,
1441.,Partynutte,,
1442.,Partypuper,,
1443.,Partytypenrunterholflittchen,,
1444.,Pechvogel,,
1445.,Peniskopf,,
1446.,Penislutscher,,
1447.,Penispirat,,
1448.,Penispumpe,,
1449.,Penner,,
1450.,Pennerkind,,
1451.,Pessimist,,
1452.,Petze,,
1453.,Pfannkuchengesicht,,
1454.,Pfeife,,
1455.,Pfeifenheini,,
1456.,Pfeifenkopf,,
1457.,Pfennigfuchser,,
1458.,Pferdeficker,,
1459.,Pflanze,,
1460.,Pflasterhirsch,,
1461.,Pflaume,,
1462.,Pflaumenaugust,,
1463.,Pfurz,,
1464.,Pfuscher,,
1465.,Phantast,,
1466.,Philister,,
1467.,Pickelgesicht,,
1468.,Piefke,,
1469.,Piepmatz,,
1470.,Pillendreher,,
1471.,Pimmelberger,,
1472.,Pimmelficker,,
1473.,Pimmelfrau,,
1474.,Pimmelgrille,,
1475.,Pimmelkopf,,
1476.,Pimmellecker,,
1477.,Pimmellutscher,,
1478.,Pimmelpirat,,
1479.,Pimmelprinz,,
1480.,Pimmelsauger,,
1481.,Pinguin,,
1482.,Pinkler,,
1483.,Pinsel,,
1484.,Pinselschwinger,,
1485.,Pipifrau,,
1486.,Pipimann,,
1487.,Pisser,,
1488.,Pissetrinker,,
1489.,Pissgesicht,,
1490.,Pissgurke,,
1491.,Pisskind,,
1492.,Pisskopf,,
1493.,Pisskröte,,
1494.,Pissnelke,,
1495.,Pissqualle,,
1496.,Pisssau,,
1497.,Pissvogel,,
1498.,Plagegeist,,
1499.,Plagiator,,
1500.,Plappermaul,,
1501.,Plärrer,,
1502.,Pleitegeier,,
1503.,Pöbel,,
1504.,Polizei,,
1505.,Popel,,
1506.,Poperze,,
1507.,Popobumser,,
1508.,Popolecker,,
1509.,Popopirat,,
1510.,Pornofreak,,
1511.,Pornoschlampe,,
1512.,Pottsau,,
1513.,Prahler,,
1514.,Prahlhans,,
1515.,Primadonna,,
1516.,Primitivling,,
1517.,Prolet,,
1518.,Proll,,
1519.,Provokateur,,
1520.,Psychopat,,
1521.,Psychopath,,
1522.,Puffmutter,,
1523.,Pumuckl,,
1524.,Punk,,
1525.,Pupsbacke,,
1526.,Pupsbirne,,
1527.,Pupsnase,,
1528.,Pussy,,
1529.,Quacksalber,,
1530.,Quadratarschloch,,
1531.,Quadratdackel,,
1532.,Quadratdepp,,
1533.,Quadratfresse,,
1534.,Quadratlatschi,,
1535.,Quadratratschen,,
1536.,Quadratschädel,,
1537.,Quälgeist,,
1538.,Qualle,,
1539.,Quallenaußenrumschwimmer,,
1540.,Quallenficker,,
1541.,Quallenfischer,,
1542.,Quarkschädel,,
1543.,Quasimodo,,
1544.,Quasselstrippe,,
1545.,Quassler,,
1546.,Quastenflosser,,
1547.,Quatscher,,
1548.,Quatschkopf,,
1549.,Quengler,,
1550.,Querdenker,,
1551.,Querficker,,
1552.,Querflötenlutscher,,
1553.,Querfurzantilope,,
1554.,Querkopf,,
1555.,Querschwimmer,,
1556.,Querulant,,
1557.,Querzahnmolch,,
1558.,Quetschbirne,,
1559.,Quetschgeburt,,
1560.,Quickificker,,
1561.,Quirin,Metzgee,
1562.,Quisling,,
1563.,Rabauke,,
1564.,Rabenaas,,
1565.,Rabenmutter,,
1566.,Raffel,,
1567.,Raffzahn,,
1568.,Rammel,,
1569.,Rasselbande,,
1570.,Ratte,,
1571.,Rattenarsch,,
1572.,Rattenfänger,,
1573.,Rattenkind,,
1574.,Räuber,,
1575.,Raubritter,,
1576.,Raufbold,,
1577.,Rauschkind,,
1578.,Reaktionär,,
1579.,Rechthaber,,
1580.,Rechtsverdreher,,
1581.,Redhead,,
1582.,Renegat,,
1583.,Rhinozeros,,
1584.,Rieseneinlauf,,
1585.,Riesenross,,
1586.,Rinderficker,,
1587.,Rosettenfetischist,,
1588.,Rosettenhengst,,
1589.,Rosettenlecker,,
1590.,Rosettenschlecker,,
1591.,Rosstäuscher,,
1592.,Rotzlöffel,,
1593.,Rotznase,,
1594.,Rowdy,,
1595.,Rübennase,,
1596.,Rübensau,,
1597.,Rübenschwein,,
1598.,Rucksack,,
1599.,Rummelhure,,
1600.,Rüpel,,
1601.,Rüpelradler,,
1602.,Sabberer,,
1603.,Sabberfresse,,
1604.,Sabberkopf,,
1605.,Sabbermaul,,
1606.,Sack,,
1607.,Säckel,,
1608.,Sackgesicht,,
1609.,Sackhaarfresser,,
1610.,Sacknase,,
1611.,Sackrasierer,,
1612.,Sackratte,,
1613.,Sacksau,,
1614.,Sackschmatzer,,
1615.,Sadist,,
1616.,Saftkopf,,
1617.,Saftpresse,,
1618.,Saftsack,,
1619.,Saftschubse,,
1620.,Salbader,,
1621.,Saprophyt,,
1622.,Satan,,
1623.,Satanist,,
1624.,Satansbraten,,
1625.,Satansfreund,,
1626.,Sau,,
1627.,Saubazi,,
1628.,Saubermann,,
1629.,Saudackel,,
1630.,Sauerstoffverbraucher,,
1631.,Saufbold,,
1632.,Saufbruder,,
1633.,Säufer,,
1634.,Saufkopf,,
1635.,Saufotze,,
1636.,Saugesicht,,
1637.,Sauhund,,
1638.,Sauhure,,
1639.,Saukopf,,
1640.,Sauschwein,,
1641.,Sautrottel,,
1642.,Schabracke,,
1643.,Schädling,,
1644.,Schaf,,
1645.,Schafskopf,,
1646.,Schandfleck,,
1647.,Schandgesicht,,
1648.,Schandmaul,,
1649.,Schattenparker,,
1650.,Schauspieler,,
1651.,Scheinheiliger,,
1652.,Scheißarsch,,
1653.,Scheißdreck,,
1654.,Scheiße,,
1655.,Scheißebatzen,,
1656.,Scheißeesser,,
1657.,Scheißeficker,,
1658.,Scheißefresser,,
1659.,Scheißehaufen,,
1660.,Scheißer,,
1661.,Scheißhaufen,,
1662.,Scheißhausfliege,,
1663.,Scheißhausfotze,,
1664.,Scheißhausnutte,,
1665.,Scheißhausratte,,
1666.,Scheißkerl,,
1667.,Scheißkind,,
1668.,Scheißkopf,,
1669.,Scheißloch,,
1670.,Scheißvieh,,
1671.,Schelm,,
1672.,Scherge,,
1673.,Scherzbold,,
1674.,Scherzkeks,,
1675.,Scheusal,,
1676.,Schickse,,
1677.,Schieber,,
1678.,Schielauge,,
1679.,Schietbüdel,,
1680.,Schiffschaukelbremser,,
1681.,Schildbürger,,
1682.,Schimmelmöse,,
1683.,Schimmelpimmel,,
1684.,Schinder,,
1685.,Schindluder,,
1686.,Schissbolzen,,
1687.,Schisser,,
1688.,Schisskind,,
1689.,Schitte,,
1690.,Schlachtschiff,,
1691.,Schlafmütze,,
1692.,Schläger,,
1693.,Schlammsau,,
1694.,Schlampe,,
1695.,Schlampenficker,,
1696.,Schlampenfotze,,
1697.,Schlampenheini,,
1698.,Schlampenkind,,
1699.,Schlampenkuh,,
1700.,Schlampensau,,
1701.,Schlampenschwein,,
1702.,Schlampensohn,,
1703.,Schlampentochter,,
1704.,Schlampenvieh,,
1705.,Schlampenwichser,,
1706.,Schlamper,,
1707.,Schlange,,
1708.,Schlapppisser,,
1709.,Schlappschwanz,,
1710.,Schlauberger,,
1711.,Schlaukopf,,
1712.,Schlaumeier,,
1713.,Schlawiner,,
1714.,Schleimbeutel,,
1715.,Schleimer,,
1716.,Schleimfotze,,
1717.,Schleimpilz,,
1718.,Schleimscheißer,,
1719.,Schlepper,,
1720.,Schlepphoden,,
1721.,Schließmuskelbesamer,,
1722.,Schließmuskelfanatiker,,
1723.,Schlingel,,
1724.,Schlitzer,,
1725.,Schlitzohr,,
1726.,Schlitzpisser,,
1727.,Schluchtenscheißer,,
1728.,Schluckluder,,
1729.,Schluckspecht,,
1730.,Schludrian,,
1731.,Schlumpf,,
1732.,Schlüpferpilot,,
1733.,Schlüpferschnüffler,,
1734.,Schlüpferstürmer,,
1735.,Schlüsselkind,,
1736.,Schmalspurwichser,,
1737.,Schmarotzer,,
1738.,Schmarrer,,
1739.,Schmeißfliege,,
1740.,Schmierfink,,
1741.,Schmock,,
1742.,Schmutzfink,,
1743.,Schmutzwurst,,
1744.,Schnabeltasse,,
1745.,Schnalle,,
1746.,Schnallentreiber,,
1747.,Schnapsdrossel,,
1748.,Schnapsnase,,
1749.,Schnarcher,,
1750.,Schnarchzapfen,,
1751.,Schnecke,,
1752.,Schnellchecker,,
1753.,Schnellspanner,,
1754.,Schnepfe,,
1755.,Schnorrer,,
1756.,Schnösel,,
1757.,Schnüffler,,
1758.,Schnullerbacke,,
1759.,Schnulli,,
1760.,Schrapnelle,,
1761.,Schreckschraube,,
1762.,Schreihals,,
1763.,Schrittschwitzer,,
1764.,Schrubber,,
1765.,Schrulle,,
1766.,Schuft,,
1767.,Schurke,,
1768.,Schürzenjäger,,
1769.,Schussel,,
1770.,Schüssel,,
1771.,Schwachkopf,,
1772.,Schwächling,,
1773.,Schwachmat,,
1774.,Schwachsinniger,,
1775.,Schwammerl,,
1776.,Schwanzdenker,,
1777.,Schwanzfresse,,
1778.,Schwanzkäse,,
1779.,Schwanzkopf,,
1780.,Schwanzlutscher,,
1781.,Schwanzwedler,,
1782.,Schwätzer,,
1783.,Schwein,,
1784.,Schweinebacke,,
1785.,Schweineficker,,
1786.,Schweinegesicht,,
1787.,Schweinehund,,
1788.,Schweinepriester,,
1789.,Schweinesohn,,
1790.,Schwerverbrecher,,
1791.,Schwindler,,
1792.,Schwitzficker,,
1793.,Schwuchtel,,
1794.,Schwulette,,
1795.,Schwuli,,
1796.,Seegurke,,
1797.,Seerosengießer,,
1798.,Selbstmörder,,
1799.,Sesselfurzer,,
1800.,Seuchenvogel,,
1801.,Sextourist,,
1802.,Siebenschläfer,,
1803.,Siffkopp,,
1804.,Simpel,,
1805.,Sittenstrolch,,
1806.,Sitzpinkler,,
1807.,Sklavenhure,,
1808.,Sklaventreiber,,
1809.,Snob,,
1810.,Socke,,
1811.,Sockenfalter,,
1812.,Sodomit,,
1813.,Softie,,
1814.,Soldatenhure,,
1815.,Sonntagsfahrer,,
1816.,Sozialparasit,,
1817.,Sozialschmarotzer,,
1818.,Spachtel,,
1819.,Spacken,,
1820.,Spacko,,
1821.,Spaddel,,
1822.,Spanner,,
1823.,Spargeltarzan,,
1824.,Spasti,,
1825.,Speckjäger,,
1826.,Speichellecker,,
1827.,Spermacontainer,,
1828.,Spermarutsche,,
1829.,Spermaschleuder,,
1830.,Spermaschlucker,,
1831.,Spermaunfall,,
1832.,Spielverderber,,
1833.,Spießbürger,,
1834.,Spießer,,
1835.,Spießgeselle,,
1836.,Spinatwachtel,,
1837.,Spinnenficker,,
1838.,Spinner,,
1839.,Spitzel,,
1840.,Spitzklicker,,
1841.,Spritzgebäck,,
1842.,Stänkerer,,
1843.,Steckdosenbefruchter,,
1844.,Stehaufmännchen,,
1845.,Stehlampe,,
1846.,Stehpisser,,
1847.,Steinbeißer,,
1848.,Steinzeitmensch,,
1849.,Stenz,,
1850.,Sternficker,,
1851.,Stiefellecker,,
1852.,Stinker,,
1853.,Stinkfotze,,
1854.,Stinkmorchel,,
1855.,Stinknudel,,
1856.,Stinksau,,
1857.,Stinkstiefel,,
1858.,Stinktier,,
1859.,Stockfisch,,
1860.,Stoffel,,
1861.,Störenfried,,
1862.,Straßenkind,,
1863.,Straßenmädchen,,
1864.,Straßenräuber,,
1865.,Strauchdieb,,
1866.,Streber,,
1867.,Streithammel,,
1868.,Streithansel,,
1869.,Stricher,,
1870.,Strichjunge,,
1871.,Strichmädchen,,
1872.,Strichnutte,,
1873.,Strolch,,
1874.,Strunz,,
1875.,Stubenhocker,,
1876.,Stück,Scheiße,
1877.,Studentenhure,,
1878.,Stümper,,
1879.,Sturer,,
1880.,Sturkopf,,
1881.,Suffkopp,,
1882.,Sülzkopf,,
1883.,Sumpfhuhn,,
1884.,Sumpfkuh,,
1885.,Sünder,,
1886.,Suppenhuhn,,
1887.,Suppenkasper,,
1888.,Swinger,,
1889.,Systemfehler,,
1890.,Systemnutte,,
1891.,Tagedieb,,
1892.,Taschendieb,,
1893.,Tastaturabdecker,,
1894.,Tattergreis,,
1895.,Taugenichts,,
1896.,Telletubbyzurückwinker,,
1897.,Teufel,,
1898.,Teufelsbraten,,
1899.,Teufelsfrucht,,
1900.,Teufelshexe,,
1901.,Teufelshure,,
1902.,Tierquäler,,
1903.,Tierschänder,,
1904.,Tittendachs,,
1905.,Toilettengeburt,,
1906.,Toilettenkiffer,,
1907.,Toilettentiefseetaucher,,
1908.,Tollpatsch,,
1909.,Tölpel,,
1910.,Tor,,
1911.,Torfkopf,,
1912.,Torfnase,,
1913.,Tortenarsch,,
1914.,Totengräbershure,,
1915.,Totschwätzer,,
1916.,Trampel,,
1917.,Trampeltier,,
1918.,Transe,,
1919.,Transenkopf,,
1920.,Transuse,,
1921.,Trantüte,,
1922.,Tratschtante,,
1923.,Träumer,,
1924.,Traumtänzer,,
1925.,Tresenschlampe,,
1926.,Trittbrettfahrer,,
1927.,Trödler,,
1928.,Troll,,
1929.,Trolldepp,,
1930.,Tropf,,
1931.,Trottel,,
1932.,Trotzkopf,,
1933.,Trüffelschwein,,
1934.,Trulla,,
1935.,Trümmertranse,,
1936.,Tucke,,
1937.,Tunichtgut,,
1938.,Tünnes,,
1939.,Tunte,,
1940.,Turnbeutelvergesser,,
1941.,Tusse,,
1942.,Tussi,,
1943.,Tussie,,
1944.,Typ,,
1945.,Tyrann,,
1946.,Umstandskrämer,,
1947.,Umweltsau,,
1948.,Umweltverschmutzer,,
1949.,Unflat,,
1950.,Ungeheuer,,
1951.,Ungeziefer,,
1952.,Ungustl,,
1953.,Unhold,,
1954.,Unke,,
1955.,Unmensch,,
1956.,Unperson,,
1957.,Unsympath,,
1958.,Unterhaltsnutte,,
1959.,Unterhosenscheißer,,
1960.,Untoter,,
1961.,Urning,,
1962.,Vaginalwurm,,
1963.,Vampir,,
1964.,Vandale,,
1965.,Vaterficker,,
1966.,Vaterlandsverräter,,
1967.,Venusfliegenfalle,,
1968.,Verbalerotiker,,
1969.,Verbrecher,,
1970.,Verderber,,
1971.,Vereinsmatratze,,
1972.,Vereinsmeier,,
1973.,Verfallsdatumleser,,
1974.,Verfallsdatumspaniker,,
1975.,Verführer,,
1976.,Vergesskopf,,
1977.,Vergewaltiger,,
1978.,Vergewohltätiger,,
1979.,Verkehrsrowdy,,
1980.,Verlierer,,
1981.,Verräter,,
1982.,Versager,,
1983.,Viech,,
1984.,Vielfraß,,
1985.,Vierauge,,
1986.,Vogelscheuche,,
1987.,Volksschädling,,
1988.,Volksverräter,,
1989.,Vollassi,,
1990.,Volldepp,,
1991.,Vollhorst,,
1992.,Vollidiot,,
1993.,Vollpfosten,,
1994.,Vollspacko,,
1995.,Vollwurst,,
1996.,Vorgesetzter,,
1997.,Vorstadtcasanova,,
1998.,Vorstand,,
1999.,Wadenbeißer,,
2000.,Waldesel,,
2001.,Waldfee,,
2002.,Waldschrat,,
2003.,Walross,,
2004.,Wanderpokal,,
2005.,Wanze,,
2006.,Wappler,,
2007.,Warmduscher,,
2008.,Warzenschwein,,
2009.,Waschlappen,,
2010.,Waschweib,,
2011.,Wasserkopf,,
2012.,Wechselbalg,,
2013.,Weib,,
2014.,Weiberheld,,
2015.,Weichbirne,,
2016.,Weichei,,
2017.,Weihnachtsgans,,
2018.,Weihnachtsmann,,
2019.,Weinpanscher,,
2020.,Wendehals,,
2021.,Wetterhexe,,
2022.,Wichsbirne,,
2023.,Wichsbold,,
2024.,Wichscontainer,,
2025.,Wichser,,
2026.,Wichslappen,,
2027.,Wicht,,
2028.,Wichtelmann,,
2029.,Wichtelmännchen,,
2030.,Wichtigtuer,,
2031.,Widerling,,
2032.,Widerspruchsgeist,,
2033.,Wildsau,,
2034.,Wildschwein,,
2035.,Windbeutel,,
2036.,Windei,,
2037.,Windelarsch,,
2038.,Windelfetischist,,
2039.,Windelkacker,,
2040.,Windhund,,
2041.,Winkeladvokat,,
2042.,Wirrkopf,,
2043.,Witzbold,,
2044.,Witzfigur,,
2045.,Witzknubbel,,
2046.,Wotansbraten,,
2047.,Wucherer,,
2048.,Wundertüte,,
2049.,Wurm,,
2050.,Würmling,,
2051.,Wurstbrot,,
2052.,Würstchen,,
2053.,Wurzelsepp,,
2054.,Wüstling,,
2055.,Wüterich,,
2056.,Xanthippe,,
2057.,Xylakant,,
2058.,Yak,,
2059.,Yakarsch,,
2060.,Yak-Cowboy,,
2061.,Yakuza-Fotze,,
2062.,Yeti,,
2063.,Yetificker,,
2064.,Yogafotze,,
2065.,Yogaschlampe,,
2066.,Yogiteetrinker,,
2067.,YPS-Spezialagent,,
2068.,Zahnarztspritzenbettler,,
2069.,Zahnarztterminverschieber,,
2070.,Zahnbürstenborstenverbieger,,
2071.,Zahnfüllung,,
2072.,Zahnlücke,,
2073.,Zahnspangenfresse,,
2074.,Zahnsteinlutscher,,
2075.,Zahnstocher,,
2076.,Zahnwichser,,
2077.,Zander,,
2078.,Zangengeburt,,
2079.,Zapfen,,
2080.,Zappelphilipp,,
2081.,Zarter,,
2082.,Zauberflöte,,
2083.,Zaungaffer,,
2084.,Zaunpinkler,,
2085.,Zausel,,
2086.,Zechpreller,,
2087.,Zecke,,
2088.,Zerstörer,,
2089.,Zettelschlampe,,
2090.,Zicke,,
2091.,Ziege,,
2092.,Ziegenficker,,
2093.,Ziegenschänder,,
2094.,Zimmermädchenverführer,,
2095.,Zimmerpflanzengießer,,
2096.,Zimperliese,,
2097.,Zimtzicke,,
2098.,Zinker,,
2099.,Zipfelklatscher,,
2100.,Zipfelschwinger,,
2101.,Znuk,,
2102.,Zuchtsau,,
2103.,Zuhälter,,
2104.,Zweitligist,,
2105.,Zwergnase,,
2106.,Zwitter,,
2107.,Zyklopenfotze,,
2108.,Zyniker,,
2109.,Zyste,,
2110.,Zystenfresse,,
